{"Version":1,"ManifestType":"Publish","Endpoints":[{"Route":"index.6o8b05o98l.html","AssetFile":"index.html","Selectors":[],"ResponseHeaders":[{"Name":"Accept-Ranges","Value":"bytes"},{"Name":"Cache-Control","Value":"max-age=31536000, immutable"},{"Name":"Content-Length","Value":"77214"},{"Name":"Content-Type","Value":"text/html"},{"Name":"ETag","Value":"\"WgtdK454g6vNMsZ1U0RJ+BS6IQFUrq0r1Ae1BXQ0g1A=\""},{"Name":"Last-Modified","Value":"Thu, 17 Mar 2022 10:40:58 GMT"}],"EndpointProperties":[{"Name":"fingerprint","Value":"6o8b05o98l"},{"Name":"integrity","Value":"sha256-WgtdK454g6vNMsZ1U0RJ+BS6IQFUrq0r1Ae1BXQ0g1A="},{"Name":"label","Value":"index.html"}]},{"Route":"index.html","AssetFile":"index.html","Selectors":[],"ResponseHeaders":[{"Name":"Accept-Ranges","Value":"bytes"},{"Name":"Cache-Control","Value":"no-cache"},{"Name":"Content-Length","Value":"77214"},{"Name":"Content-Type","Value":"text/html"},{"Name":"ETag","Value":"\"WgtdK454g6vNMsZ1U0RJ+BS6IQFUrq0r1Ae1BXQ0g1A=\""},{"Name":"Last-Modified","Value":"Thu, 17 Mar 2022 10:40:58 GMT"}],"EndpointProperties":[{"Name":"integrity","Value":"sha256-WgtdK454g6vNMsZ1U0RJ+BS6IQFUrq0r1Ae1BXQ0g1A="}]}]}